Woods Hole,Barnstable,02543
Chatham,Barnstable,02633
Hyannis Port,Barnstable,02647
Provincetown,Barnstable,02657
South Chatham,Barnstable,02659
South Wellfleet,Barnstable,02663
West Harwich,Barnstable,02671
Pittsfield,Berkshire,01201
Becket,Berkshire,01223
Glendale,Berkshire,01229
Lanesborough,Berkshire,01237
Southfield,Berkshire,01259
North Easton,Bristol,02357
Fairhaven,Bristol,02719
New Bedford,Bristol,02741
Raynham,Bristol,02767
Swansea,Bristol,02777
Westport Point,Bristol,02791
Edgartown,Dukes,02539
Oak Bluffs,Dukes,02557
Cuttyhunk,Dukes,02713
Haverhill,Essex,01831
Lynn,Essex,01901
Swampscott,Essex,01907
Amesbury,Essex,01913
Gloucester,Essex,01931
Middleton,Essex,01949
Newbury,Essex,01951
Andover,Essex,05501
Whately,Franklin,01093
Greenfield,Franklin,01301
Rowe,Franklin,01367
South Deerfield,Franklin,01373
Bondsville,Hampden,01009
Chicopee,Hampden,01013
Chicopee,Hampden,01021
Palmer,Hampden,01069
Woronoco,Hampden,01097
Springfield,Hampden,01103
Springfield,Hampden,01109
Springfield,Hampden,01129
Indian Orchard,Hampden,01151
Granby,Hampshire,01033
Haydenville,Hampshire,01039
Northampton,Hampshire,01061
Northampton,Hampshire,01063
Groton,Middlesex,01471
Ashland,Middlesex,01721
Carlisle,Middlesex,01741
Woburn,Middlesex,01801
Reading,Middlesex,01867
Tyngsboro,Middlesex,01879
North Reading,Middlesex,01889
Cambridge,Middlesex,02141
Somerville,Middlesex,02143
Medford,Middlesex,02153
Newton Center,Middlesex,02459
Chestnut Hill,Middlesex,02467
Watertown,Middlesex,02477
Dedham,Norfolk,02027
Medway,Norfolk,02053
Walpole,Norfolk,02081
Quincy,Norfolk,02269
Brookline Village,Norfolk,02447
East Bridgewater,Plymouth,02333
Hanover,Plymouth,02339
Hanson,Plymouth,02341
Lakeville,Plymouth,02347
Abington,Plymouth,02351
White Horse Beach,Plymouth,02381
Boston,Suffolk,02111
Boston,Suffolk,02113
Charlestown,Suffolk,02129
Roslindale,Suffolk,02131
Readville,Suffolk,02137
Boston,Suffolk,02203
Boston,Suffolk,02293
Boston,Suffolk,02297
Gilbertville,Worcester,01031
Harvard,Worcester,01451
Leominster,Worcester,01453
Lancaster,Worcester,01523
New Braintree,Worcester,01531
Rutland,Worcester,01543
Dudley,Worcester,01571
West Boylston,Worcester,01583
Worcester,Worcester,01601
Worcester,Worcester,01607
Worcester,Worcester,01609
Worcester,Worcester,01613
Hopedale,Worcester,01747
